,CA,TX,MT,OH,KS
2016-05-31,2419.0,658.0,323.0,,881.0
2016-05-30,4350.0,,402.0,,1201.0
2016-05-29,2269.0,646.0,305.0,,856.0
2016-05-28,3403.0,820.0,358.0,,1080.0
2016-05-27,3711.0,983.0,371.0,,1220.0
2016-05-26,2336.0,720.0,306.0,,903.0
2016-05-23,2228.0,,318.0,,763.0
2016-05-25,1772.0,592.0,333.0,,706.0
2016-05-24,1642.0,525.0,297.0,,630.0
2016-05-18,1663.0,596.0,313.0,,614.0
2016-05-22,2786.0,636.0,357.0,,796.0
2016-05-21,2379.0,587.0,311.0,,733.0
2016-05-19,2222.0,,311.0,,732.0
2016-05-20,2886.0,686.0,356.0,,850.0
2016-06-29,1962.0,691.0,403.0,,858.0
2016-06-30,2559.0,780.0,433.0,,1094.0
2016-06-24,3213.0,807.0,,,1071.0
2016-06-25,2801.0,587.0,,,1121.0
2016-06-23,2425.0,654.0,,,942.0
2016-06-27,2639.0,646.0,,,970.0
2016-06-26,3365.0,822.0,,,1143.0
2016-06-28,2079.0,626.0,224.0,,845.0
2016-06-22,2134.0,641.0,,,809.0
2016-06-21,1830.0,624.0,,,729.0
2016-06-20,2878.0,695.0,,,921.0
2016-06-19,3562.0,686.0,383.0,,1061.0
2016-06-16,2565.0,688.0,332.0,,887.0
2016-06-17,3213.0,811.0,402.0,,1014.0
2016-06-18,3196.0,799.0,372.0,,1094.0
2016-06-02,1930.0,686.0,,,845.0
2016-06-01,1757.0,566.0,,,811.0
2016-06-04,2502.0,774.0,336.0,,909.0
2016-06-03,2655.0,768.0,319.0,,976.0
2016-06-06,2344.0,608.0,297.0,,806.0
2016-06-05,2791.0,716.0,331.0,,915.0
2016-06-08,2089.0,690.0,294.0,,721.0
2016-06-07,1974.0,652.0,309.0,,665.0
2016-06-11,3309.0,631.0,320.0,,979.0
2016-06-10,3788.0,852.0,410.0,,1006.0
2016-06-09,2857.0,721.0,325.0,,853.0
2016-06-15,2127.0,670.0,364.0,,744.0
2016-06-14,2066.0,580.0,346.0,,749.0
2016-06-12,3607.0,753.0,396.0,,1020.0
2016-06-13,2948.0,646.0,332.0,,859.0
2016-07-31,3932.0,864.0,376.0,399.0,1364.0
2016-07-30,3535.0,774.0,378.0,442.0,1411.0
2016-07-13,2257.0,624.0,334.0,472.0,812.0
2016-07-12,2043.0,620.0,352.0,433.0,730.0
2016-07-14,2619.0,652.0,372.0,445.0,893.0
2016-07-10,3237.0,828.0,395.0,389.0,1175.0
2016-07-11,2716.0,692.0,375.0,447.0,913.0
2016-07-09,3185.0,811.0,344.0,564.0,1245.0
2016-07-01,4059.0,1056.0,,,1542.0
2016-07-02,4661.0,1112.0,,,1481.0
2016-07-03,2666.0,687.0,,,1067.0
2016-07-04,3466.0,749.0,,,927.0
2016-07-06,2510.0,721.0,,,949.0
2016-07-05,3494.0,806.0,,,1165.0
2016-07-08,3249.0,766.0,,515.0,1158.0
2016-07-07,2418.0,755.0,,,948.0
2016-07-29,3786.0,823.0,408.0,535.0,1188.0
2016-07-28,2933.0,661.0,399.0,441.0,1089.0
2016-07-27,2335.0,682.0,349.0,422.0,926.0
2016-07-26,2240.0,596.0,383.0,468.0,840.0
2016-07-22,3321.0,845.0,381.0,463.0,1148.0
2016-07-23,3254.0,773.0,333.0,482.0,1296.0
2016-07-24,3517.0,760.0,400.0,349.0,1251.0
2016-07-25,2916.0,749.0,365.0,477.0,982.0
2016-07-19,2116.0,581.0,,475.0,756.0
2016-07-21,2845.0,733.0,368.0,496.0,935.0
2016-07-20,2341.0,613.0,,417.0,913.0
2016-07-15,3226.0,784.0,467.0,468.0,1165.0
2016-07-16,3269.0,777.0,391.0,474.0,1176.0
2016-07-17,3387.0,853.0,417.0,412.0,1217.0
2016-07-18,2848.0,693.0,384.0,454.0,924.0
2016-08-01,3242.0,589.0,,458.0,1085.0
2016-08-02,2239.0,588.0,,398.0,846.0
2016-08-04,2629.0,673.0,,400.0,1047.0
2016-08-03,2337.0,619.0,,396.0,
2016-08-08,2641.0,651.0,370.0,445.0,940.0
2016-08-07,3489.0,686.0,451.0,380.0,1288.0
2016-08-05,3424.0,806.0,420.0,450.0,1169.0
2016-08-06,3310.0,719.0,410.0,480.0,1269.0
2016-08-09,2309.0,574.0,,463.0,781.0
2016-08-11,2526.0,712.0,,461.0,889.0
2016-08-10,2192.0,589.0,,409.0,853.0
2016-08-12,3243.0,733.0,,501.0,955.0
2016-08-13,3110.0,647.0,,522.0,998.0
2016-08-15,2752.0,603.0,,427.0,803.0
2016-08-14,3353.0,632.0,,344.0,1135.0
2016-08-18,2369.0,630.0,,457.0,772.0
2016-08-17,1985.0,586.0,344.0,437.0,707.0
2016-08-16,2082.0,523.0,343.0,410.0,723.0
2016-08-19,3491.0,694.0,,513.0,827.0
2016-08-20,2933.0,639.0,,476.0,854.0
2016-08-22,2438.0,554.0,381.0,446.0,702.0
2016-08-21,3390.0,628.0,430.0,436.0,873.0
2016-08-23,1965.0,543.0,326.0,452.0,583.0
2016-08-25,2441.0,508.0,349.0,446.0,664.0
2016-08-24,1958.0,489.0,310.0,410.0,629.0
2016-08-26,3061.0,602.0,390.0,457.0,753.0
2016-08-27,2484.0,507.0,323.0,519.0,674.0
2016-08-28,2682.0,714.0,377.0,406.0,690.0
2016-08-29,2035.0,458.0,316.0,422.0,617.0
2016-08-31,1753.0,516.0,327.0,393.0,609.0
2016-08-30,1653.0,454.0,325.0,411.0,535.0
2016-09-28,1625.0,527.0,298.0,432.0,
2016-09-30,2644.0,681.0,289.0,455.0,804.0
2016-09-29,1927.0,572.0,286.0,452.0,733.0
2016-09-27,1552.0,485.0,290.0,428.0,604.0
2016-09-23,2473.0,670.0,368.0,548.0,853.0
2016-09-24,2187.0,546.0,281.0,518.0,763.0
2016-09-26,1999.0,511.0,259.0,366.0,597.0
2016-09-25,2448.0,603.0,342.0,388.0,798.0
2016-09-20,1626.0,533.0,310.0,415.0,605.0
2016-09-22,1962.0,575.0,321.0,435.0,700.0
2016-09-21,1672.0,517.0,352.0,403.0,642.0
2016-09-16,3013.0,640.0,329.0,482.0,825.0
2016-09-19,2323.0,502.0,301.0,445.0,697.0
2016-09-18,2955.0,601.0,305.0,412.0,818.0
2016-09-17,2828.0,531.0,306.0,498.0,767.0
2016-09-05,4272.0,883.0,344.0,397.0,1265.0
2016-09-06,2167.0,500.0,280.0,464.0,641.0
2016-09-07,1695.0,561.0,343.0,454.0,607.0
2016-09-03,4065.0,818.0,362.0,497.0,916.0
2016-09-04,2103.0,468.0,325.0,431.0,696.0
2016-09-02,3259.0,811.0,424.0,503.0,1083.0
2016-09-01,2226.0,620.0,364.0,447.0,883.0
2016-09-14,1618.0,510.0,328.0,418.0,636.0
2016-09-15,2149.0,586.0,338.0,463.0,751.0
2016-09-13,1704.0,477.0,306.0,384.0,560.0
2016-09-12,1722.0,503.0,299.0,414.0,660.0
2016-09-11,2472.0,552.0,374.0,405.0,749.0
2016-09-10,2232.0,557.0,334.0,517.0,792.0
2016-09-08,1833.0,563.0,357.0,438.0,653.0
2016-09-09,2353.0,583.0,357.0,482.0,769.0
2016-11-30,1481.0,647.0,250.0,443.0,399.0
2016-11-29,1601.0,574.0,198.0,409.0,397.0
2016-11-28,3257.0,719.0,206.0,396.0,697.0
2016-11-26,4979.0,1013.0,323.0,565.0,1101.0
2016-11-27,5726.0,1617.0,438.0,451.0,1644.0
2016-11-24,4965.0,641.0,213.0,566.0,448.0
2016-11-25,3341.0,782.0,231.0,465.0,630.0
2016-11-23,4480.0,1273.0,419.0,478.0,1252.0
2016-11-22,3695.0,907.0,278.0,461.0,777.0
2016-11-21,2928.0,747.0,242.0,424.0,719.0
2016-11-20,3459.0,924.0,249.0,346.0,793.0
2016-11-18,2622.0,785.0,305.0,508.0,680.0
2016-11-19,3579.0,974.0,242.0,457.0,850.0
2016-11-16,1550.0,599.0,257.0,425.0,467.0
2016-11-17,1895.0,583.0,299.0,487.0,544.0
2016-11-11,3139.0,751.0,298.0,532.0,645.0
2016-11-12,1933.0,567.0,242.0,492.0,496.0
2016-11-10,2078.0,610.0,306.0,498.0,474.0
2016-11-09,1572.0,602.0,236.0,397.0,415.0
2016-11-13,2921.0,726.0,300.0,399.0,586.0
2016-11-15,1450.0,559.0,224.0,403.0,462.0
2016-11-14,1980.0,587.0,233.0,430.0,521.0
2016-11-05,2067.0,505.0,263.0,560.0,498.0
2016-11-06,2588.0,671.0,253.0,397.0,552.0
2016-11-08,1502.0,575.0,245.0,480.0,428.0
2016-11-07,2042.0,647.0,216.0,416.0,465.0
2016-11-04,2322.0,738.0,279.0,492.0,575.0
2016-11-03,1748.0,588.0,,386.0,532.0
2016-11-02,1629.0,592.0,,416.0,493.0
2016-11-01,1689.0,552.0,247.0,447.0,502.0
2016-12-07,1449.0,589.0,202.0,425.0,310.0
2016-12-08,1589.0,607.0,221.0,396.0,396.0
2016-12-06,1449.0,574.0,149.0,410.0,349.0
2016-12-05,1690.0,525.0,184.0,401.0,434.0
2016-12-03,2019.0,562.0,213.0,588.0,475.0
2016-12-04,2043.0,639.0,221.0,382.0,495.0
2016-12-02,2112.0,652.0,225.0,419.0,493.0
2016-12-15,1829.0,673.0,217.0,380.0,476.0
2016-12-16,2545.0,767.0,165.0,422.0,657.0
2016-12-14,1582.0,634.0,245.0,400.0,409.0
2016-12-13,1439.0,506.0,132.0,405.0,392.0
2016-12-10,1905.0,634.0,177.0,537.0,452.0
2016-12-12,1730.0,585.0,66.0,401.0,397.0
2016-12-11,2074.0,699.0,64.0,316.0,427.0
2016-12-09,2151.0,660.0,201.0,458.0,460.0
2016-12-18,2850.0,1000.0,223.0,325.0,677.0
2016-12-19,2421.0,776.0,172.0,462.0,620.0
2016-12-17,3226.0,992.0,193.0,305.0,450.0
2016-12-21,2887.0,935.0,262.0,459.0,805.0
2016-12-20,2255.0,780.0,220.0,502.0,676.0
2016-12-22,4032.0,1137.0,353.0,477.0,1124.0
2016-12-23,4811.0,1251.0,338.0,573.0,1725.0
2016-12-31,3406.0,877.0,246.0,426.0,850.0
2016-12-30,4376.0,1066.0,291.0,477.0,946.0
2016-12-28,3927.0,1010.0,305.0,426.0,868.0
2016-12-29,3436.0,1006.0,266.0,446.0,896.0
2016-12-24,3043.0,682.0,183.0,447.0,566.0
2016-12-25,2728.0,401.0,97.0,397.0,275.0
2016-12-26,3926.0,1233.0,96.0,445.0,1140.0
2016-12-27,3526.0,1055.0,352.0,441.0,1014.0
2017-01-05,2127.0,646.0,,325.0,284.0
2017-01-06,2600.0,713.0,228.0,392.0,510.0
2017-01-07,2599.0,712.0,206.0,440.0,581.0
2017-01-01,3010.0,710.0,256.0,290.0,785.0
2017-01-02,4552.0,1249.0,194.0,391.0,1138.0
2017-01-03,2575.0,769.0,196.0,374.0,612.0
2017-01-04,2110.0,680.0,,385.0,521.0
2017-01-14,2557.0,712.0,,434.0,360.0
2017-01-13,2359.0,711.0,,405.0,545.0
2017-01-12,1610.0,605.0,187.0,396.0,462.0
2017-01-15,2043.0,614.0,,343.0,226.0
2017-01-11,1402.0,559.0,184.0,405.0,420.0
2017-01-08,2633.0,710.0,230.0,301.0,564.0
2017-01-09,1755.0,566.0,183.0,403.0,438.0
2017-01-10,1354.0,535.0,196.0,317.0,413.0
2017-01-26,1620.0,615.0,230.0,330.0,371.0
2017-01-27,2207.0,653.0,233.0,408.0,435.0
2017-01-24,1417.0,542.0,,344.0,315.0
2017-01-25,1439.0,576.0,,412.0,372.0
2017-01-29,2125.0,598.0,254.0,330.0,462.0
2017-01-28,1905.0,598.0,184.0,492.0,449.0
2017-01-31,1456.0,557.0,189.0,367.0,344.0
2017-01-30,1710.0,576.0,200.0,397.0,382.0
2017-01-21,1800.0,572.0,226.0,544.0,473.0
2017-01-23,1485.0,515.0,190.0,391.0,386.0
2017-01-22,1937.0,593.0,196.0,454.0,419.0
2017-01-19,1546.0,558.0,190.0,378.0,410.0
2017-01-20,1893.0,567.0,214.0,414.0,459.0
2017-01-18,1463.0,549.0,206.0,327.0,385.0
2017-01-17,1552.0,641.0,201.0,373.0,503.0
2017-01-16,2505.0,657.0,223.0,372.0,295.0
2017-02-14,1334.0,,204.0,411.0,365.0
2017-02-13,1832.0,655.0,176.0,416.0,416.0
2017-02-12,2049.0,603.0,211.0,347.0,494.0
2017-02-15,1587.0,686.0,233.0,410.0,400.0
2017-02-10,2290.0,660.0,251.0,444.0,480.0
2017-02-09,1527.0,615.0,223.0,358.0,406.0
2017-02-11,1852.0,601.0,196.0,511.0,475.0
2017-02-08,1394.0,612.0,199.0,405.0,382.0
2017-02-20,3067.0,697.0,,433.0,623.0
2017-02-22,1628.0,545.0,,381.0,446.0
2017-02-21,1688.0,626.0,,460.0,449.0
2017-02-16,2010.0,618.0,257.0,401.0,493.0
2017-02-17,2844.0,769.0,262.0,432.0,625.0
2017-02-19,2321.0,680.0,241.0,391.0,533.0
2017-02-18,3095.0,674.0,264.0,537.0,594.0
2017-02-24,2475.0,695.0,,462.0,487.0
2017-02-23,1887.0,624.0,,472.0,459.0
2017-02-26,2424.0,657.0,269.0,368.0,563.0
2017-02-25,2068.0,633.0,,487.0,514.0
2017-02-28,1454.0,584.0,,398.0,397.0
2017-02-27,1739.0,558.0,,435.0,465.0
2017-03-31,3050.0,782.0,304.0,440.0,672.0
2017-03-30,2339.0,655.0,271.0,385.0,589.0
2017-03-28,1775.0,609.0,231.0,380.0,523.0
2017-03-29,1882.0,686.0,262.0,432.0,455.0
2017-03-27,2412.0,661.0,219.0,401.0,537.0
2017-03-26,3142.0,735.0,232.0,326.0,892.0
2017-03-25,2946.0,620.0,258.0,515.0,1101.0
2017-03-16,1960.0,948.0,290.0,449.0,716.0
2017-03-17,2615.0,1088.0,297.0,399.0,839.0
2017-03-19,2898.0,1043.0,325.0,376.0,1056.0
2017-03-18,2547.0,972.0,297.0,476.0,1271.0
2017-03-24,2923.0,795.0,297.0,445.0,337.0
2017-03-23,2245.0,678.0,271.0,406.0,740.0
2017-03-22,1911.0,669.0,270.0,432.0,685.0
2017-03-21,1585.0,610.0,233.0,426.0,556.0
2017-03-20,2208.0,706.0,232.0,405.0,699.0
2017-03-07,1449.0,591.0,215.0,466.0,410.0
2017-03-05,2337.0,678.0,260.0,411.0,571.0
2017-03-06,1801.0,584.0,179.0,447.0,444.0
2017-03-02,1782.0,632.0,272.0,433.0,466.0
2017-03-01,1539.0,635.0,240.0,392.0,493.0
2017-03-04,2064.0,628.0,265.0,561.0,527.0
2017-03-03,2247.0,694.0,301.0,493.0,601.0
2017-03-11,2233.0,1317.0,287.0,535.0,906.0
2017-03-10,2462.0,977.0,224.0,456.0,639.0
2017-03-09,1894.0,689.0,223.0,456.0,517.0
2017-03-08,1565.0,598.0,265.0,404.0,439.0
2017-03-13,1735.0,826.0,260.0,404.0,553.0
2017-03-15,1625.0,933.0,285.0,426.0,614.0
2017-03-14,1613.0,788.0,256.0,418.0,500.0
2017-05-28,2321.0,,292.0,418.0,881.0
2017-05-29,4370.0,,342.0,437.0,1285.0
2017-05-30,2355.0,,297.0,455.0,970.0
2017-05-31,1823.0,,335.0,477.0,807.0
2017-05-25,2479.0,738.0,289.0,524.0,977.0
2017-05-24,1860.0,606.0,319.0,582.0,821.0
2017-05-23,1744.0,599.0,306.0,412.0,654.0
2017-05-26,3600.0,,361.0,529.0,1332.0
2017-05-27,3589.0,,337.0,515.0,1145.0
2017-05-22,2346.0,,320.0,517.0,773.0
2017-05-20,2494.0,,318.0,534.0,773.0
2017-05-21,2881.0,,341.0,395.0,909.0
2017-05-19,3617.0,753.0,341.0,501.0,785.0
2017-05-18,2362.0,720.0,300.0,472.0,735.0
2017-05-17,1773.0,633.0,314.0,459.0,758.0
2017-05-16,1745.0,564.0,300.0,492.0,631.0
2017-05-15,2299.0,,298.0,539.0,839.0
2017-05-14,2612.0,628.0,306.0,544.0,816.0
2017-05-13,2367.0,610.0,286.0,637.0,756.0
2017-05-12,2713.0,761.0,335.0,550.0,924.0
2017-05-09,1516.0,602.0,260.0,461.0,541.0
2017-05-10,1639.0,689.0,270.0,504.0,634.0
2017-05-11,2096.0,710.0,281.0,516.0,788.0
2017-05-02,1565.0,567.0,252.0,438.0,543.0
2017-05-01,2043.0,619.0,284.0,428.0,1268.0
2017-05-03,1557.0,616.0,298.0,448.0,508.0
2017-05-08,1809.0,582.0,282.0,459.0,602.0
2017-05-07,2517.0,610.0,280.0,421.0,679.0
2017-05-06,2141.0,575.0,233.0,584.0,640.0
2017-05-04,1849.0,636.0,303.0,452.0,583.0
2017-05-05,2603.0,675.0,315.0,426.0,654.0
2017-06-08,2275.0,694.0,339.0,650.0,982.0
2017-06-07,1791.0,749.0,332.0,554.0,773.0
2017-06-06,1769.0,646.0,314.0,517.0,752.0
2017-06-05,2272.0,,302.0,553.0,830.0
2017-06-04,2707.0,650.0,353.0,440.0,988.0
2017-06-03,2424.0,608.0,321.0,562.0,950.0
2017-06-01,2140.0,663.0,318.0,547.0,950.0
2017-06-02,2795.0,722.0,391.0,592.0,1000.0
2017-06-15,2989.0,767.0,349.0,488.0,892.0
2017-06-14,2360.0,793.0,332.0,516.0,827.0
2017-06-13,2057.0,670.0,351.0,507.0,766.0
2017-06-12,2488.0,698.0,334.0,484.0,745.0
2017-06-09,2901.0,880.0,367.0,522.0,1079.0
2017-06-11,2983.0,865.0,426.0,441.0,1083.0
2017-06-10,2900.0,793.0,358.0,540.0,994.0
2017-06-28,2084.0,755.0,355.0,546.0,933.0
2017-06-27,2072.0,674.0,347.0,477.0,805.0
2017-06-29,2438.0,806.0,418.0,520.0,1044.0
2017-06-26,2706.0,691.0,384.0,438.0,958.0
2017-06-24,2951.0,883.0,371.0,509.0,1039.0
2017-06-25,3351.0,802.0,466.0,432.0,1146.0
2017-06-23,3244.0,771.0,383.0,471.0,1066.0
2017-06-21,2146.0,730.0,369.0,495.0,850.0
2017-06-22,2482.0,840.0,360.0,505.0,977.0
2017-06-20,2054.0,678.0,377.0,489.0,785.0
2017-06-18,3362.0,756.0,400.0,416.0,1042.0
2017-06-19,3008.0,733.0,386.0,510.0,957.0
2017-06-16,3725.0,903.0,390.0,571.0,979.0
2017-06-17,3170.0,710.0,351.0,565.0,1088.0
2017-06-30,3689.0,1014.0,472.0,548.0,1402.0
2017-07-03,2687.0,697.0,371.0,435.0,1016.0
2017-07-01,5245.0,1219.0,519.0,522.0,1686.0
2017-07-02,3298.0,822.0,381.0,430.0,1261.0
2017-07-07,2944.0,856.0,406.0,577.0,1265.0
2017-07-08,2957.0,795.0,389.0,538.0,1351.0
2017-07-06,2523.0,731.0,393.0,487.0,1153.0
2017-07-04,3041.0,,316.0,407.0,946.0
2017-07-05,2966.0,,427.0,457.0,1173.0
2017-07-09,3253.0,883.0,433.0,418.0,1316.0
2017-07-10,2677.0,699.0,419.0,498.0,1005.0
2017-07-11,2034.0,653.0,375.0,491.0,864.0
2017-07-13,2572.0,740.0,391.0,440.0,1086.0
2017-07-12,2111.0,702.0,352.0,488.0,859.0
2017-07-14,3252.0,892.0,428.0,473.0,1153.0
2017-07-16,3465.0,,407.0,419.0,1279.0
2017-07-15,3492.0,831.0,361.0,533.0,1347.0
2017-07-20,2622.0,,392.0,534.0,1049.0
2017-07-19,2350.0,,362.0,485.0,854.0
2017-07-18,2175.0,,327.0,487.0,782.0
2017-07-17,2928.0,,382.0,495.0,938.0
2017-07-21,3590.0,,392.0,515.0,1224.0
2017-07-22,3325.0,,374.0,492.0,1455.0
2017-07-23,3507.0,,415.0,425.0,1344.0
2017-07-25,2323.0,613.0,360.0,478.0,846.0
2017-07-24,2953.0,,376.0,467.0,1119.0
2017-07-28,3537.0,904.0,418.0,479.0,1245.0
2017-07-27,2896.0,755.0,378.0,457.0,1112.0
2017-07-26,2605.0,712.0,386.0,466.0,909.0
2017-07-31,3095.0,,357.0,467.0,1160.0
2017-07-29,3272.0,763.0,388.0,529.0,1452.0
2017-07-30,3784.0,857.0,400.0,445.0,1407.0
2017-08-21,2405.0,602.0,273.0,499.0,636.0
2017-08-20,3248.0,643.0,389.0,419.0,1008.0
2017-08-22,2093.0,593.0,361.0,485.0,767.0
2017-08-23,2094.0,620.0,349.0,504.0,668.0
2017-08-18,3324.0,799.0,449.0,521.0,949.0
2017-08-19,3573.0,655.0,400.0,626.0,1022.0
2017-08-16,2247.0,685.0,409.0,531.0,788.0
2017-08-17,2535.0,676.0,404.0,550.0,846.0
2017-08-30,1646.0,477.0,299.0,468.0,671.0
2017-08-29,1665.0,467.0,330.0,437.0,594.0
2017-08-27,2801.0,,359.0,403.0,877.0
2017-08-28,2027.0,462.0,336.0,432.0,705.0
2017-08-24,2330.0,674.0,387.0,505.0,706.0
2017-08-25,2742.0,,744.0,523.0,807.0
2017-08-26,2613.0,,483.0,523.0,767.0
2017-08-10,2776.0,,386.0,502.0,989.0
2017-08-09,2260.0,,384.0,492.0,855.0
2017-08-12,3375.0,748.0,397.0,517.0,1165.0
2017-08-11,3205.0,849.0,428.0,517.0,1087.0
2017-08-13,3298.0,841.0,408.0,447.0,1203.0
2017-08-15,2284.0,638.0,374.0,529.0,
2017-08-14,2799.0,,393.0,463.0,934.0
2017-08-05,3415.0,,471.0,520.0,1324.0
2017-08-06,3711.0,,505.0,432.0,1354.0
2017-08-08,2240.0,,380.0,464.0,835.0
2017-08-07,2946.0,,383.0,487.0,974.0
2017-08-03,2779.0,,397.0,531.0,1075.0
2017-08-04,3595.0,,416.0,462.0,1177.0
2017-08-02,2299.0,,369.0,500.0,960.0
2017-08-01,2486.0,,358.0,429.0,902.0
2017-08-31,2164.0,534.0,350.0,455.0,818.0
2017-09-29,2371.0,770.0,337.0,512.0,823.0
2017-09-30,2282.0,641.0,270.0,543.0,722.0
2017-09-25,1998.0,594.0,306.0,475.0,750.0
2017-09-26,1588.0,,288.0,471.0,635.0
2017-09-27,1554.0,683.0,273.0,462.0,663.0
2017-09-28,1780.0,712.0,287.0,515.0,758.0
2017-09-22,2940.0,629.0,339.0,538.0,798.0
2017-09-24,2937.0,607.0,277.0,449.0,829.0
2017-09-23,2616.0,559.0,272.0,601.0,845.0
2017-09-21,2214.0,619.0,333.0,518.0,696.0
2017-09-20,1684.0,595.0,346.0,512.0,631.0
2017-09-18,2203.0,570.0,275.0,464.0,700.0
2017-09-17,2478.0,606.0,285.0,430.0,867.0
2017-09-19,1554.0,584.0,302.0,458.0,617.0
2017-09-01,3209.0,769.0,443.0,526.0,1193.0
2017-09-02,3670.0,658.0,379.0,503.0,1011.0
2017-09-03,1985.0,439.0,296.0,393.0,801.0
2017-09-04,4282.0,718.0,366.0,405.0,1291.0
2017-09-05,2068.0,543.0,345.0,516.0,824.0
2017-09-06,1754.0,500.0,317.0,355.0,661.0
2017-09-07,1829.0,570.0,315.0,476.0,774.0
2017-09-11,2089.0,521.0,341.0,407.0,728.0
2017-09-10,2411.0,581.0,342.0,394.0,860.0
2017-09-12,1614.0,547.0,295.0,466.0,582.0
2017-09-09,2286.0,548.0,319.0,494.0,785.0
2017-09-08,2535.0,635.0,349.0,507.0,852.0
2017-09-13,1610.0,607.0,,437.0,678.0
2017-09-14,1942.0,632.0,338.0,522.0,786.0
2017-09-16,2481.0,555.0,326.0,544.0,754.0
2017-09-15,3032.0,709.0,359.0,497.0,792.0
2017-10-18,1592.0,653.0,323.0,460.0,634.0
2017-10-19,2227.0,680.0,382.0,463.0,744.0
2017-10-17,1682.0,585.0,286.0,480.0,596.0
2017-10-16,2129.0,634.0,292.0,436.0,652.0
2017-10-20,2920.0,810.0,362.0,505.0,759.0
2017-10-21,2316.0,638.0,274.0,533.0,644.0
2017-10-23,2098.0,681.0,268.0,414.0,614.0
2017-10-22,2616.0,670.0,370.0,412.0,748.0
2017-10-28,2191.0,561.0,243.0,506.0,645.0
2017-10-30,1888.0,589.0,251.0,440.0,542.0
2017-10-29,2268.0,670.0,241.0,380.0,637.0
2017-10-24,1514.0,597.0,293.0,414.0,506.0
2017-10-25,1611.0,668.0,297.0,463.0,524.0
2017-10-27,2690.0,761.0,289.0,503.0,639.0
2017-10-26,1889.0,733.0,296.0,478.0,620.0
2017-10-09,2295.0,709.0,272.0,459.0,603.0
2017-10-10,1640.0,606.0,287.0,492.0,584.0
2017-10-11,1688.0,658.0,301.0,417.0,622.0
2017-10-12,2000.0,662.0,299.0,458.0,755.0
2017-10-15,2672.0,731.0,291.0,385.0,768.0
2017-10-13,2614.0,742.0,323.0,488.0,817.0
2017-10-14,2350.0,618.0,275.0,614.0,723.0
2017-10-01,2552.0,689.0,316.0,399.0,824.0
2017-10-02,1977.0,618.0,301.0,461.0,749.0
2017-10-03,1571.0,573.0,285.0,483.0,627.0
2017-10-08,2538.0,632.0,307.0,405.0,893.0
2017-10-07,2494.0,642.0,279.0,560.0,720.0
2017-10-06,2737.0,815.0,336.0,487.0,862.0
2017-10-04,1638.0,618.0,283.0,385.0,626.0
2017-10-05,1870.0,657.0,268.0,416.0,719.0
2017-10-31,1455.0,542.0,237.0,429.0,424.0
2017-11-18,3612.0,1116.0,282.0,442.0,929.0
2017-11-17,2679.0,855.0,305.0,463.0,708.0
2017-11-16,1782.0,,258.0,455.0,549.0
2017-11-15,1603.0,657.0,233.0,481.0,462.0
2017-11-14,1517.0,496.0,273.0,449.0,430.0
2017-11-13,2047.0,551.0,238.0,459.0,552.0
2017-11-11,2002.0,595.0,228.0,527.0,571.0
2017-11-12,2748.0,653.0,284.0,397.0,641.0
2017-11-10,3111.0,711.0,298.0,499.0,700.0
2017-11-09,1985.0,658.0,252.0,467.0,572.0
2017-11-06,2007.0,551.0,192.0,480.0,496.0
2017-11-07,1568.0,551.0,252.0,504.0,383.0
2017-11-08,1571.0,610.0,262.0,450.0,450.0
2017-11-03,2361.0,726.0,289.0,552.0,635.0
2017-11-04,2016.0,601.0,183.0,543.0,521.0
2017-11-05,2509.0,,384.0,479.0,625.0
2017-11-01,1736.0,706.0,236.0,482.0,524.0
2017-11-02,1821.0,689.0,301.0,485.0,585.0
2017-11-25,5089.0,994.0,268.0,604.0,1090.0
2017-11-26,5798.0,1571.0,420.0,458.0,1648.0
2017-11-27,3185.0,759.0,224.0,479.0,692.0
2017-11-24,3293.0,763.0,240.0,590.0,622.0
2017-11-23,5005.0,734.0,198.0,546.0,524.0
2017-11-22,5045.0,1308.0,356.0,506.0,1389.0
2017-11-21,3444.0,972.0,251.0,470.0,866.0
2017-11-20,2718.0,793.0,196.0,496.0,662.0
2017-11-19,3528.0,974.0,292.0,403.0,861.0
2017-11-29,1508.0,651.0,231.0,402.0,451.0
2017-11-28,1636.0,639.0,227.0,438.0,500.0
2017-11-30,1667.0,653.0,265.0,473.0,439.0
2017-12-08,2035.0,743.0,246.0,478.0,456.0
2017-12-07,1547.0,677.0,218.0,462.0,416.0
2017-12-06,1474.0,622.0,242.0,458.0,404.0
2017-12-05,1391.0,554.0,204.0,471.0,380.0
2017-12-03,1955.0,673.0,216.0,412.0,506.0
2017-12-04,1716.0,579.0,182.0,448.0,410.0
2017-12-02,1990.0,654.0,221.0,664.0,490.0
2017-12-01,2168.0,726.0,206.0,496.0,501.0
2017-12-09,1859.0,653.0,215.0,523.0,497.0
2017-12-10,1966.0,704.0,234.0,415.0,489.0
2017-12-11,1705.0,614.0,192.0,408.0,426.0
2017-12-12,1385.0,590.0,218.0,406.0,420.0
2017-12-13,1479.0,672.0,231.0,392.0,484.0
2017-12-14,1731.0,691.0,240.0,455.0,575.0
2017-12-15,2496.0,815.0,245.0,459.0,585.0
2017-12-16,2855.0,881.0,258.0,588.0,736.0
2017-12-31,3047.0,807.0,,291.0,818.0
2017-12-29,4140.0,1104.0,,466.0,940.0
2017-12-30,4785.0,1008.0,,466.0,1099.0
2017-12-28,3908.0,1019.0,,434.0,962.0
2017-12-27,4851.0,1143.0,328.0,430.0,1089.0
2017-12-25,2886.0,402.0,136.0,334.0,356.0
2017-12-24,3012.0,571.0,154.0,455.0,489.0
2017-12-26,5423.0,1273.0,393.0,446.0,1147.0
2017-12-23,5633.0,1405.0,303.0,514.0,1195.0
2017-12-22,4445.0,1416.0,311.0,518.0,1359.0
2017-12-21,3031.0,924.0,273.0,482.0,773.0
2017-12-17,2651.0,833.0,234.0,391.0,651.0
2017-12-18,2427.0,705.0,223.0,459.0,548.0
2017-12-19,1992.0,698.0,276.0,488.0,590.0
2017-12-20,2389.0,953.0,256.0,490.0,844.0
2018-01-15,2478.0,672.0,,288.0,393.0
2018-01-14,2092.0,636.0,,338.0,560.0
2018-01-13,2429.0,728.0,,369.0,532.0
2018-01-11,1754.0,621.0,,490.0,389.0
2018-01-12,2445.0,792.0,,385.0,541.0
2018-01-10,1565.0,687.0,,379.0,465.0
2018-01-08,1735.0,623.0,208.0,291.0,473.0
2018-01-09,1311.0,650.0,232.0,385.0,438.0
2018-01-01,3703.0,781.0,,280.0,899.0
2018-01-02,3757.0,1052.0,,377.0,906.0
2018-01-03,2527.0,909.0,270.0,379.0,647.0
2018-01-04,2391.0,808.0,250.0,432.0,568.0
2018-01-07,2951.0,869.0,240.0,314.0,654.0
2018-01-06,2568.0,737.0,232.0,501.0,623.0
2018-01-05,2554.0,741.0,223.0,414.0,640.0
2018-01-31,1420.0,639.0,203.0,397.0,414.0
2018-01-29,1617.0,570.0,187.0,378.0,422.0
2018-01-30,1367.0,575.0,211.0,378.0,404.0
2018-01-28,2022.0,646.0,209.0,372.0,493.0
2018-01-26,1970.0,637.0,201.0,511.0,483.0
2018-01-27,1838.0,637.0,194.0,498.0,459.0
2018-01-25,1604.0,640.0,235.0,433.0,425.0
2018-01-24,1343.0,637.0,209.0,362.0,419.0
2018-01-22,1672.0,603.0,201.0,400.0,2.0
2018-01-23,1422.0,593.0,170.0,370.0,494.0
2018-01-21,2078.0,558.0,210.0,341.0,267.0
2018-01-20,1993.0,636.0,186.0,587.0,472.0
2018-01-19,2117.0,712.0,239.0,418.0,456.0
2018-01-18,1670.0,561.0,258.0,402.0,444.0
2018-01-16,1650.0,305.0,190.0,370.0,408.0
2018-01-17,1503.0,535.0,194.0,378.0,379.0
2018-02-07,1407.0,684.0,216.0,330.0,398.0
2018-02-05,1724.0,630.0,192.0,349.0,421.0
2018-02-06,1397.0,661.0,213.0,406.0,342.0
2018-02-03,1771.0,598.0,131.0,484.0,471.0
2018-02-04,1938.0,592.0,184.0,304.0,480.0
2018-02-01,1537.0,643.0,215.0,443.0,417.0
2018-02-02,2004.0,701.0,196.0,421.0,487.0
2018-02-11,2018.0,668.0,194.0,256.0,510.0
2018-02-12,1810.0,640.0,211.0,358.0,425.0
2018-02-08,1592.0,613.0,173.0,395.0,449.0
2018-02-09,2309.0,728.0,159.0,391.0,531.0
2018-02-10,1944.0,577.0,179.0,462.0,454.0
2018-02-13,1473.0,682.0,190.0,428.0,413.0
2018-02-15,1885.0,661.0,195.0,393.0,536.0
2018-02-14,1382.0,694.0,237.0,445.0,411.0
2018-02-16,3257.0,870.0,264.0,396.0,645.0
2018-02-25,2504.0,694.0,227.0,389.0,587.0
2018-02-26,1858.0,624.0,216.0,366.0,471.0
2018-02-27,1488.0,604.0,221.0,442.0,420.0
2018-02-28,1606.0,755.0,256.0,414.0,512.0
2018-02-20,2044.0,655.0,201.0,453.0,353.0
2018-02-19,3600.0,767.0,243.0,395.0,682.0
2018-02-17,3197.0,643.0,218.0,531.0,569.0
2018-02-18,2575.0,699.0,169.0,367.0,518.0
2018-02-22,1892.0,736.0,253.0,408.0,403.0
2018-02-24,2037.0,644.0,209.0,533.0,458.0
2018-02-23,2435.0,759.0,257.0,421.0,546.0
2018-02-21,1574.0,758.0,225.0,370.0,426.0
2018-03-20,1612.0,637.0,239.0,429.0,640.0
2018-03-23,2998.0,748.0,245.0,426.0,1003.0
2018-03-21,1630.0,709.0,254.0,311.0,764.0
2018-03-22,1996.0,606.0,269.0,417.0,819.0
2018-03-19,2063.0,748.0,217.0,438.0,623.0
2018-03-18,2490.0,1157.0,286.0,433.0,1020.0
2018-03-17,2264.0,922.0,264.0,460.0,1332.0
2018-03-24,3246.0,659.0,264.0,476.0,1033.0
2018-03-25,3289.0,755.0,262.0,362.0,1180.0
2018-03-26,2517.0,676.0,238.0,436.0,634.0
2018-03-29,2711.0,866.0,313.0,434.0,653.0
2018-03-30,3705.0,1060.0,338.0,520.0,810.0
2018-03-28,2254.0,671.0,283.0,446.0,581.0
2018-03-27,2056.0,646.0,242.0,447.0,521.0
2018-03-09,2352.0,956.0,267.0,468.0,697.0
2018-03-12,1798.0,828.0,,399.0,572.0
2018-03-10,2126.0,1422.0,261.0,550.0,750.0
2018-03-14,1595.0,966.0,287.0,403.0,565.0
2018-03-13,1469.0,833.0,218.0,447.0,523.0
2018-03-16,2481.0,1046.0,249.0,497.0,848.0
2018-03-15,1885.0,1001.0,290.0,436.0,692.0
2018-03-08,1809.0,698.0,253.0,432.0,546.0
2018-03-07,1602.0,704.0,262.0,400.0,491.0
2018-03-06,1515.0,618.0,182.0,447.0,382.0
2018-03-05,1804.0,635.0,122.0,450.0,468.0
2018-03-03,1988.0,629.0,257.0,595.0,541.0
2018-03-04,2289.0,738.0,185.0,379.0,622.0
2018-03-01,1750.0,758.0,260.0,374.0,514.0
2018-03-02,2263.0,839.0,243.0,467.0,558.0
2018-03-31,3727.0,628.0,234.0,521.0,715.0
2018-04-27,2615.0,811.0,287.0,538.0,665.0
2018-04-25,1577.0,983.0,242.0,415.0,525.0
2018-04-26,2014.0,755.0,278.0,503.0,623.0
2018-04-24,1581.0,657.0,250.0,456.0,549.0
2018-04-23,2064.0,646.0,238.0,463.0,600.0
2018-04-21,2208.0,628.0,264.0,584.0,553.0
2018-04-22,2519.0,712.0,273.0,443.0,733.0
2018-04-19,2032.0,740.0,281.0,468.0,637.0
2018-04-20,2535.0,799.0,320.0,518.0,710.0
2018-04-29,2669.0,732.0,311.0,515.0,712.0
2018-04-28,2155.0,652.0,254.0,445.0,568.0
2018-04-30,2043.0,684.0,245.0,486.0,632.0
2018-04-08,3176.0,745.0,217.0,373.0,583.0
2018-04-09,2078.0,695.0,216.0,484.0,521.0
2018-04-07,2870.0,640.0,248.0,518.0,628.0
2018-04-06,3060.0,826.0,223.0,499.0,666.0
2018-04-05,2479.0,739.0,215.0,446.0,589.0
2018-04-03,2249.0,721.0,212.0,411.0,454.0
2018-04-04,2308.0,736.0,281.0,419.0,499.0
2018-04-01,3521.0,697.0,237.0,390.0,631.0
2018-04-02,3501.0,873.0,243.0,398.0,711.0
2018-04-10,1570.0,620.0,246.0,508.0,480.0
2018-04-11,1599.0,692.0,252.0,490.0,504.0
2018-04-12,2095.0,721.0,237.0,549.0,569.0
2018-04-13,2561.0,923.0,195.0,578.0,604.0
2018-04-15,2612.0,638.0,242.0,336.0,833.0
2018-04-16,1911.0,683.0,217.0,403.0,571.0
2018-04-14,2169.0,631.0,249.0,516.0,554.0
2018-04-18,1613.0,676.0,284.0,444.0,521.0
2018-04-17,1550.0,643.0,258.0,415.0,508.0
2018-05-30,1779.0,758.0,331.0,447.0,833.0
2018-05-29,2217.0,,296.0,497.0,920.0
2018-05-27,2316.0,696.0,280.0,470.0,881.0
2018-05-28,4056.0,,380.0,469.0,1370.0
2018-05-31,1889.0,813.0,339.0,480.0,907.0
2018-05-21,2209.0,703.0,307.0,507.0,736.0
2018-05-20,2871.0,1019.0,368.0,387.0,921.0
2018-05-19,2278.0,664.0,330.0,534.0,807.0
2018-05-26,3551.0,915.0,371.0,514.0,1097.0
2018-05-25,3665.0,,397.0,579.0,1300.0
2018-05-24,2380.0,794.0,366.0,511.0,978.0
2018-05-23,1847.0,754.0,286.0,498.0,716.0
2018-05-22,1808.0,684.0,270.0,476.0,653.0
2018-05-18,3011.0,834.0,339.0,491.0,931.0
2018-05-17,2133.0,791.0,293.0,460.0,797.0
2018-05-16,1707.0,785.0,316.0,442.0,691.0
2018-05-15,1712.0,684.0,273.0,454.0,661.0
2018-05-14,2257.0,,293.0,424.0,799.0
2018-05-13,2521.0,744.0,300.0,464.0,768.0
2018-05-12,2444.0,726.0,278.0,590.0,779.0
2018-05-11,2872.0,855.0,263.0,519.0,909.0
2018-05-10,2070.0,817.0,292.0,413.0,792.0
2018-05-08,1521.0,639.0,295.0,492.0,528.0
2018-05-09,2071.0,690.0,281.0,450.0,649.0
2018-05-07,1918.0,673.0,289.0,429.0,646.0
2018-05-06,2448.0,711.0,315.0,426.0,690.0
2018-05-05,2116.0,677.0,257.0,642.0,612.0
2018-05-04,2471.0,785.0,313.0,529.0,717.0
2018-05-03,1843.0,768.0,277.0,482.0,628.0
2018-05-02,1586.0,668.0,285.0,479.0,568.0
2018-05-01,1608.0,628.0,283.0,472.0,523.0
2018-06-25,2514.0,756.0,,461.0,921.0
2018-06-27,2067.0,826.0,,416.0,876.0
2018-06-26,1970.0,682.0,,480.0,781.0
2018-06-28,2408.0,829.0,,525.0,977.0
2018-06-30,3025.0,968.0,477.0,533.0,1615.0
2018-06-29,3004.0,1018.0,,564.0,1176.0
2018-06-23,2901.0,868.0,371.0,466.0,1060.0
2018-06-24,3174.0,847.0,423.0,426.0,1190.0
2018-06-21,2486.0,886.0,419.0,465.0,957.0
2018-06-22,3192.0,934.0,406.0,497.0,1086.0
2018-06-20,2031.0,806.0,398.0,498.0,857.0
2018-06-19,2010.0,798.0,385.0,430.0,800.0
2018-06-18,2814.0,743.0,384.0,466.0,888.0
2018-06-17,3250.0,755.0,429.0,449.0,1056.0
2018-06-04,2131.0,739.0,357.0,441.0,851.0
2018-06-02,2415.0,782.0,295.0,495.0,974.0
2018-06-01,2404.0,828.0,316.0,580.0,983.0
2018-06-03,2754.0,778.0,301.0,466.0,1047.0
2018-06-06,1862.0,804.0,324.0,470.0,753.0
2018-06-05,1798.0,730.0,322.0,460.0,724.0
2018-06-07,2292.0,809.0,335.0,510.0,904.0
2018-06-08,2602.0,894.0,409.0,495.0,1070.0
2018-06-09,2790.0,764.0,297.0,485.0,1013.0
2018-06-12,1938.0,752.0,381.0,422.0,788.0
2018-06-10,2871.0,874.0,368.0,417.0,1009.0
2018-06-11,2395.0,722.0,354.0,423.0,869.0
2018-06-13,2171.0,833.0,373.0,460.0,850.0
2018-06-14,2793.0,769.0,371.0,445.0,909.0
2018-06-15,3730.0,912.0,343.0,592.0,1053.0
2018-06-16,3127.0,909.0,345.0,519.0,1026.0
2018-07-17,1963.0,758.0,388.0,476.0,844.0
2018-07-16,2807.0,751.0,353.0,463.0,956.0
2018-07-18,2377.0,777.0,387.0,418.0,902.0
2018-07-20,3723.0,926.0,418.0,539.0,1244.0
2018-07-19,2628.0,834.0,435.0,463.0,1064.0
2018-07-21,3215.0,853.0,350.0,498.0,1409.0
2018-07-22,3589.0,937.0,407.0,372.0,1356.0
2018-07-23,2661.0,867.0,410.0,426.0,1068.0
2018-07-24,2304.0,720.0,374.0,428.0,838.0
2018-07-30,3014.0,784.0,420.0,441.0,1052.0
2018-07-29,3849.0,887.0,436.0,428.0,1405.0
2018-07-31,2246.0,738.0,387.0,449.0,928.0
2018-07-26,2918.0,816.0,421.0,467.0,1129.0
2018-07-25,2462.0,824.0,369.0,431.0,876.0
2018-07-28,3615.0,867.0,355.0,517.0,1379.0
2018-07-27,3590.0,976.0,360.0,516.0,1291.0
2018-07-08,3780.0,1023.0,492.0,399.0,1501.0
2018-07-06,2746.0,878.0,358.0,520.0,1168.0
2018-07-07,3060.0,945.0,372.0,534.0,1392.0
2018-07-04,2757.0,857.0,295.0,411.0,
2018-07-05,2792.0,846.0,356.0,495.0,997.0
2018-07-01,3379.0,898.0,415.0,426.0,1417.0
2018-07-02,2623.0,786.0,386.0,467.0,1031.0
2018-07-03,2329.0,780.0,382.0,500.0,
2018-07-10,1942.0,737.0,350.0,444.0,795.0
2018-07-09,2535.0,769.0,365.0,542.0,1000.0
2018-07-11,2381.0,886.0,387.0,440.0,920.0
2018-07-12,2324.0,844.0,374.0,484.0,1032.0
2018-07-13,3237.0,995.0,415.0,486.0,1202.0
2018-07-14,3005.0,934.0,394.0,564.0,1305.0
2018-07-15,3049.0,897.0,401.0,442.0,1285.0
2018-08-18,2984.0,707.0,392.0,609.0,939.0
2018-08-19,3214.0,756.0,393.0,473.0,956.0
2018-08-20,2472.0,629.0,378.0,469.0,756.0
2018-08-21,2028.0,659.0,334.0,456.0,673.0
2018-08-23,2372.0,660.0,339.0,484.0,732.0
2018-08-22,2120.0,678.0,338.0,455.0,665.0
2018-08-25,2583.0,695.0,359.0,480.0,813.0
2018-08-24,2924.0,720.0,362.0,477.0,828.0
2018-08-30,2086.0,796.0,354.0,460.0,852.0
2018-08-28,1622.0,659.0,343.0,444.0,613.0
2018-08-29,1716.0,,354.0,456.0,691.0
2018-08-27,2018.0,576.0,320.0,419.0,711.0
2018-08-26,2736.0,643.0,356.0,424.0,827.0
2018-08-14,2204.0,673.0,347.0,524.0,800.0
2018-08-15,2423.0,794.0,356.0,431.0,842.0
2018-08-16,2539.0,741.0,370.0,416.0,940.0
2018-08-17,3296.0,796.0,393.0,488.0,1032.0
2018-08-11,3099.0,751.0,407.0,498.0,1156.0
2018-08-10,3509.0,883.0,467.0,500.0,1141.0
2018-08-13,2978.0,669.0,362.0,486.0,1000.0
2018-08-12,3486.0,775.0,417.0,431.0,1232.0
2018-08-07,2318.0,697.0,413.0,458.0,849.0
2018-08-06,2999.0,724.0,397.0,473.0,1097.0
2018-08-09,2798.0,800.0,432.0,489.0,1015.0
2018-08-08,2315.0,832.0,387.0,419.0,966.0
2018-08-04,3710.0,763.0,451.0,597.0,1242.0
2018-08-05,3565.0,858.0,497.0,427.0,1425.0
2018-08-02,2746.0,831.0,395.0,504.0,1056.0
2018-08-01,2436.0,895.0,409.0,462.0,1012.0
2018-08-03,3594.0,926.0,477.0,513.0,1231.0
2018-09-27,1924.0,722.0,373.0,506.0,745.0
2018-09-26,1687.0,777.0,324.0,442.0,647.0
2018-09-25,1646.0,656.0,335.0,408.0,686.0
2018-09-24,2160.0,720.0,309.0,403.0,755.0
2018-09-23,2828.0,678.0,374.0,418.0,899.0
2018-09-22,2719.0,653.0,296.0,581.0,796.0
2018-09-20,2153.0,704.0,299.0,460.0,791.0
2018-09-21,2912.0,889.0,359.0,535.0,900.0
2018-09-18,1595.0,697.0,299.0,430.0,674.0
2018-09-19,1680.0,672.0,317.0,440.0,667.0
2018-09-17,2051.0,666.0,314.0,491.0,715.0
2018-09-16,2523.0,637.0,367.0,419.0,974.0
2018-09-15,2336.0,581.0,342.0,546.0,801.0
2018-09-14,2539.0,789.0,354.0,534.0,854.0
2018-10-12,2818.0,864.0,318.0,453.0,783.0
2018-10-14,2589.0,823.0,292.0,391.0,578.0
2018-10-13,2118.0,708.0,314.0,515.0,753.0
2018-10-17,1589.0,787.0,354.0,444.0,633.0
2018-10-16,1526.0,638.0,318.0,459.0,603.0
2018-10-15,2054.0,766.0,261.0,430.0,686.0
2018-10-18,2054.0,818.0,400.0,480.0,716.0
2018-10-20,2348.0,694.0,282.0,523.0,637.0
2018-10-19,2817.0,841.0,311.0,468.0,791.0
2018-10-21,2766.0,707.0,372.0,382.0,823.0
2018-10-22,2157.0,749.0,294.0,420.0,661.0
2018-10-26,2856.0,882.0,316.0,459.0,690.0
2018-10-28,2424.0,772.0,288.0,376.0,658.0
2018-10-27,2205.0,709.0,260.0,448.0,609.0
2018-10-25,1873.0,774.0,375.0,421.0,634.0
2018-10-24,1657.0,808.0,307.0,474.0,560.0
2018-10-23,1550.0,718.0,271.0,447.0,516.0
2018-10-29,2134.0,698.0,,381.0,532.0
2018-10-30,1560.0,678.0,246.0,451.0,498.0
2018-10-31,1624.0,766.0,275.0,381.0,458.0
2018-11-13,1664.0,701.0,241.0,479.0,493.0
2018-11-12,2726.0,815.0,219.0,414.0,527.0
2018-11-11,2257.0,771.0,212.0,410.0,625.0
2018-11-14,1594.0,799.0,250.0,486.0,477.0
2018-11-15,1815.0,754.0,276.0,378.0,470.0
2018-11-18,3476.0,1029.0,,405.0,908.0
2018-11-17,3784.0,1226.0,,558.0,857.0
2018-11-19,2846.0,855.0,,426.0,751.0
2018-11-20,3521.0,1103.0,,453.0,945.0
2018-11-21,4974.0,1488.0,350.0,464.0,1416.0
2018-11-09,2835.0,860.0,308.0,496.0,688.0
2018-11-10,2539.0,765.0,259.0,513.0,568.0
2018-11-07,1571.0,834.0,244.0,434.0,479.0
2018-11-08,1979.0,822.0,258.0,448.0,548.0
2018-11-06,1447.0,685.0,236.0,500.0,461.0
2018-11-04,2423.0,,246.0,446.0,630.0
2018-11-05,1854.0,782.0,241.0,431.0,538.0
2018-11-02,2481.0,826.0,312.0,448.0,596.0
2018-11-01,2147.0,790.0,244.0,431.0,624.0
2018-11-03,2062.0,735.0,293.0,542.0,558.0
2018-11-30,2113.0,782.0,214.0,472.0,518.0
2018-11-28,1526.0,810.0,268.0,378.0,473.0
2018-11-29,1412.0,767.0,244.0,476.0,464.0
2018-11-27,1614.0,773.0,222.0,381.0,788.0
2018-11-24,4922.0,1026.0,258.0,532.0,1316.0
2018-11-26,3061.0,848.0,263.0,372.0,1106.0
2018-11-25,5411.0,1579.0,419.0,425.0,660.0
2018-11-23,3266.0,851.0,243.0,518.0,656.0
2018-11-22,4417.0,748.0,206.0,587.0,545.0
2018-12-08,2043.0,752.0,186.0,528.0,506.0
2018-12-07,2064.0,805.0,197.0,447.0,449.0
2018-12-10,1807.0,736.0,216.0,409.0,450.0
2018-12-09,1935.0,766.0,213.0,382.0,493.0
2018-12-14,2183.0,865.0,247.0,478.0,598.0
2018-12-13,1695.0,794.0,247.0,432.0,458.0
2018-12-12,1485.0,760.0,235.0,423.0,453.0
2018-12-11,1397.0,743.0,239.0,414.0,402.0
2018-12-16,2407.0,800.0,220.0,414.0,627.0
2018-12-15,2691.0,849.0,248.0,533.0,651.0
2018-12-17,2082.0,723.0,229.0,425.0,535.0
2018-12-18,1671.0,784.0,241.0,492.0,581.0
2018-12-20,2489.0,972.0,271.0,488.0,801.0
2018-12-19,1980.0,874.0,264.0,503.0,607.0
2018-12-21,3730.0,1293.0,321.0,497.0,1138.0
2018-12-22,5610.0,1798.0,395.0,535.0,1647.0
2018-12-24,3012.0,608.0,200.0,506.0,489.0
2018-12-23,4968.0,1102.0,272.0,461.0,922.0
2018-12-26,4720.0,1119.0,302.0,451.0,1362.0
2018-12-25,3002.0,468.0,167.0,286.0,359.0
2018-12-27,4396.0,1041.0,315.0,483.0,570.0
2018-12-28,4200.0,,277.0,496.0,1468.0
2018-12-30,4284.0,1054.0,280.0,330.0,1120.0
2018-12-31,2782.0,778.0,167.0,419.0,669.0
2018-12-29,4938.0,1127.0,285.0,519.0,1132.0
2016-01-06,,583.0,,399.0,483.0
2016-01-04,,688.0,,357.0,567.0
2016-01-05,,632.0,,380.0,437.0
2016-01-01,,652.0,,270.0,670.0
2016-01-02,,966.0,,436.0,974.0
2016-01-03,,1172.0,,325.0,968.0
2016-01-07,,584.0,,407.0,435.0
2016-01-08,,662.0,,427.0,338.0
2016-01-09,,615.0,203.0,449.0,522.0
2016-01-10,,648.0,216.0,240.0,543.0
2016-01-11,,526.0,220.0,337.0,413.0
2016-01-12,,553.0,204.0,251.0,380.0
2016-01-14,,603.0,196.0,368.0,450.0
2016-01-15,,689.0,240.0,420.0,543.0
2016-01-13,,602.0,226.0,354.0,396.0
2016-01-16,,652.0,219.0,474.0,529.0
2016-01-17,,642.0,183.0,303.0,508.0
2016-01-18,,637.0,201.0,348.0,545.0
2016-01-19,,525.0,204.0,305.0,387.0
2016-01-20,,480.0,221.0,299.0,356.0
2016-01-21,,500.0,,357.0,379.0
2016-01-22,,559.0,,396.0,417.0
2016-01-23,,512.0,235.0,468.0,449.0
2016-01-24,,536.0,203.0,430.0,460.0
2016-01-25,,464.0,218.0,387.0,377.0
2016-01-26,,505.0,225.0,373.0,356.0
2016-01-27,,610.0,208.0,352.0,387.0
2016-01-28,,542.0,,359.0,383.0
2016-01-29,,583.0,,400.0,453.0
2016-01-30,,559.0,222.0,528.0,461.0
2016-01-31,,611.0,252.0,350.0,595.0
2016-02-02,,522.0,238.0,391.0,8.0
2016-02-01,,518.0,216.0,374.0,199.0
2016-02-03,,576.0,,370.0,593.0
2016-02-04,,565.0,,385.0,425.0
2016-02-05,,641.0,238.0,413.0,455.0
2016-02-06,,529.0,211.0,480.0,459.0
2016-02-07,,721.0,206.0,354.0,470.0
2016-02-08,,516.0,231.0,352.0,368.0
2016-02-09,,462.0,240.0,333.0,356.0
2016-02-11,,593.0,,373.0,453.0
2016-02-10,,546.0,,357.0,392.0
2016-02-12,,744.0,296.0,460.0,586.0
2016-02-17,,529.0,240.0,367.0,390.0
2016-02-18,,629.0,229.0,396.0,422.0
2016-02-16,,545.0,240.0,341.0,449.0
2016-02-13,,588.0,230.0,528.0,533.0
2016-02-14,,602.0,237.0,330.0,499.0
2016-02-15,,656.0,284.0,369.0,484.0
2016-02-19,,660.0,257.0,435.0,481.0
2016-02-20,,536.0,279.0,527.0,491.0
2016-02-21,,614.0,254.0,373.0,533.0
2016-02-22,,531.0,236.0,362.0,441.0
2016-02-23,,548.0,254.0,366.0,337.0
2016-02-24,,607.0,261.0,351.0,411.0
2016-02-25,,672.0,252.0,336.0,475.0
2016-02-26,,663.0,303.0,394.0,549.0
2016-02-27,,534.0,246.0,494.0,503.0
2016-02-28,,682.0,283.0,358.0,601.0
2016-02-29,,532.0,218.0,384.0,450.0
2016-03-01,,583.0,239.0,371.0,391.0
2016-03-02,,578.0,249.0,331.0,472.0
2016-03-03,,593.0,,401.0,527.0
2016-03-04,,800.0,,393.0,544.0
2016-03-05,,734.0,254.0,508.0,507.0
2016-03-06,,703.0,243.0,380.0,560.0
2016-03-07,,682.0,195.0,400.0,491.0
2016-03-08,,589.0,239.0,420.0,410.0
2016-03-09,,688.0,262.0,383.0,147.0
2016-03-10,,820.0,279.0,438.0,556.0
2016-03-11,,953.0,286.0,440.0,802.0
2016-03-12,,1256.0,315.0,538.0,1099.0
2016-03-14,,681.0,253.0,356.0,647.0
2016-03-15,,724.0,128.0,447.0,584.0
2016-03-16,,789.0,295.0,402.0,668.0
2016-03-17,,846.0,249.0,473.0,749.0
2016-03-18,,871.0,237.0,432.0,607.0
2016-03-19,,867.0,309.0,477.0,1091.0
2016-03-20,,958.0,312.0,389.0,1036.0
2016-03-21,,616.0,226.0,381.0,566.0
2016-03-22,,500.0,248.0,464.0,503.0
2016-03-23,,605.0,269.0,426.0,298.0
2016-03-24,,746.0,312.0,456.0,775.0
2016-03-25,,919.0,364.0,480.0,893.0
2016-03-27,,651.0,230.0,400.0,558.0
2016-03-28,,685.0,363.0,411.0,678.0
2016-03-29,,587.0,275.0,380.0,478.0
2016-03-30,,600.0,230.0,435.0,441.0
2016-03-31,,669.0,240.0,361.0,489.0
2016-04-03,,739.0,271.0,350.0,660.0
2016-04-01,,734.0,298.0,425.0,639.0
2016-04-02,,601.0,296.0,495.0,664.0
2016-04-04,,565.0,264.0,410.0,514.0
2016-04-05,,566.0,432.0,412.0,431.0
2016-04-06,,563.0,255.0,393.0,478.0
2016-04-07,,643.0,261.0,404.0,512.0
2016-04-08,,719.0,300.0,420.0,606.0
2016-04-10,,708.0,239.0,341.0,530.0
2016-04-11,,580.0,254.0,385.0,518.0
2016-04-12,,538.0,225.0,407.0,462.0
2016-04-13,,581.0,261.0,412.0,446.0
2016-04-15,,644.0,284.0,506.0,644.0
2016-04-16,,572.0,248.0,684.0,346.0
2016-04-18,,549.0,253.0,453.0,571.0
2016-04-19,,491.0,260.0,426.0,443.0
2016-04-20,,570.0,279.0,414.0,490.0
2016-04-21,,605.0,273.0,435.0,594.0
2016-04-22,,659.0,258.0,446.0,632.0
2016-04-24,,646.0,272.0,433.0,605.0
2016-04-23,,563.0,236.0,586.0,529.0
2016-04-25,,559.0,217.0,406.0,572.0
2016-04-26,,543.0,246.0,407.0,429.0
2016-04-27,,539.0,290.0,421.0,460.0
2016-04-28,,591.0,248.0,426.0,589.0
2016-04-29,,653.0,338.0,477.0,539.0
2016-04-30,,535.0,267.0,527.0,592.0
2016-05-01,,642.0,288.0,377.0,626.0
2016-05-02,,551.0,260.0,430.0,525.0
2016-05-03,,503.0,249.0,446.0,476.0
2016-05-04,,570.0,272.0,427.0,544.0
2016-05-05,,546.0,271.0,426.0,637.0
2016-05-06,,666.0,308.0,500.0,679.0
2016-05-07,,602.0,245.0,607.0,589.0
2016-05-08,,618.0,284.0,453.0,597.0
2016-05-09,,587.0,249.0,345.0,566.0
2016-05-10,,533.0,299.0,,513.0
2016-05-11,,566.0,330.0,,546.0
2016-05-12,,625.0,294.0,,690.0
2016-05-13,,812.0,311.0,,804.0
2016-05-14,,565.0,289.0,,659.0
2016-05-15,,643.0,309.0,,785.0
2016-05-16,,571.0,304.0,,732.0
2016-05-17,,545.0,287.0,,619.0
2016-10-01,,576.0,343.0,525.0,728.0
2016-10-02,,686.0,331.0,415.0,826.0
2016-10-03,,531.0,285.0,460.0,658.0
2016-10-04,,528.0,276.0,376.0,554.0
2016-10-05,,579.0,262.0,460.0,559.0
2016-10-06,,619.0,277.0,503.0,636.0
2016-10-07,,735.0,322.0,530.0,785.0
2016-10-08,,583.0,282.0,594.0,705.0
2016-10-09,,646.0,322.0,426.0,797.0
2016-10-11,,552.0,,435.0,568.0
2016-10-10,,653.0,,424.0,773.0
2016-10-12,,544.0,276.0,429.0,569.0
2016-10-13,,610.0,308.0,437.0,688.0
2016-10-14,,744.0,312.0,453.0,703.0
2016-10-15,,533.0,371.0,564.0,612.0
2016-10-16,,654.0,294.0,424.0,746.0
2016-10-18,,525.0,283.0,449.0,531.0
2016-10-19,,591.0,316.0,444.0,516.0
2016-10-20,,623.0,389.0,409.0,677.0
2016-10-21,,680.0,337.0,448.0,661.0
2016-10-22,,571.0,278.0,508.0,568.0
2016-10-23,,636.0,335.0,381.0,710.0
2016-10-24,,559.0,284.0,420.0,567.0
2016-10-25,,541.0,270.0,452.0,495.0
2016-10-26,,580.0,260.0,430.0,495.0
2016-10-27,,608.0,282.0,438.0,536.0
2016-10-28,,776.0,329.0,469.0,643.0
2016-10-29,,536.0,244.0,484.0,539.0
2016-10-30,,595.0,251.0,369.0,611.0
2016-10-31,,524.0,246.0,396.0,524.0
2016-12-01,,597.0,261.0,422.0,444.0
2017-02-01,,551.0,166.0,351.0,426.0
2017-02-02,,567.0,,400.0,391.0
2017-02-03,,687.0,,458.0,482.0
2017-02-04,,584.0,172.0,500.0,430.0
2017-02-05,,633.0,186.0,389.0,461.0
2017-02-06,,541.0,215.0,385.0,364.0
2017-02-07,,538.0,195.0,397.0,393.0
2017-04-01,,699.0,288.0,503.0,592.0
2017-04-02,,689.0,191.0,390.0,748.0
2017-04-03,,658.0,,411.0,501.0
2017-04-04,,544.0,,398.0,421.0
2017-04-05,,678.0,,456.0,492.0
2017-04-06,,626.0,,445.0,527.0
2017-04-07,,792.0,,478.0,583.0
2017-04-08,,663.0,,564.0,601.0
2017-04-09,,720.0,,398.0,593.0
2017-04-10,,608.0,,407.0,447.0
2017-04-11,,593.0,,445.0,478.0
2017-04-12,,654.0,268.0,473.0,499.0
2017-04-17,,827.0,362.0,488.0,660.0
2017-04-18,,589.0,273.0,437.0,484.0
2017-04-16,,657.0,234.0,405.0,513.0
2017-04-13,,805.0,316.0,531.0,542.0
2017-04-14,,888.0,386.0,505.0,699.0
2017-04-15,,586.0,254.0,495.0,579.0
2017-04-19,,676.0,303.0,465.0,526.0
2017-04-20,,664.0,260.0,415.0,594.0
2017-04-21,,730.0,325.0,482.0,674.0
2017-04-22,,570.0,249.0,530.0,570.0
2017-04-23,,680.0,280.0,426.0,673.0
2017-04-24,,645.0,240.0,421.0,505.0
2017-04-25,,565.0,236.0,471.0,501.0
2017-04-26,,618.0,251.0,479.0,527.0
2017-04-29,,595.0,270.0,452.0,419.0
2017-04-27,,589.0,245.0,451.0,560.0
2017-04-28,,701.0,280.0,510.0,742.0
2017-04-30,,709.0,264.0,430.0,3.0
2018-03-11,,972.0,,584.0,664.0
2018-08-31,,969.0,371.0,501.0,1168.0
2018-09-01,,944.0,349.0,519.0,1069.0
2018-09-02,,570.0,357.0,428.0,768.0
2018-09-03,,1019.0,416.0,434.0,1439.0
2018-09-05,,690.0,346.0,449.0,733.0
2018-09-04,,654.0,311.0,465.0,816.0
2018-09-06,,622.0,344.0,478.0,821.0
2018-09-07,,765.0,394.0,435.0,858.0
2018-09-08,,658.0,311.0,529.0,778.0
2018-09-09,,674.0,331.0,342.0,926.0
2018-09-10,,600.0,309.0,415.0,721.0
2018-09-11,,609.0,302.0,431.0,582.0
2018-09-12,,742.0,319.0,446.0,703.0
2018-09-13,,735.0,305.0,472.0,859.0
2018-09-28,,810.0,347.0,519.0,845.0
2018-09-29,,767.0,290.0,607.0,807.0
2018-09-30,,722.0,334.0,421.0,927.0
2018-10-01,,683.0,329.0,469.0,772.0
2018-10-02,,654.0,295.0,426.0,733.0
2018-10-04,,727.0,317.0,498.0,734.0
2018-10-03,,743.0,311.0,491.0,723.0
2018-10-06,,737.0,290.0,609.0,711.0
2018-10-05,,919.0,333.0,424.0,846.0
2018-10-07,,742.0,320.0,444.0,780.0
2018-10-08,,826.0,315.0,513.0,761.0
2018-10-09,,684.0,300.0,489.0,562.0
2018-10-11,,812.0,305.0,447.0,739.0
2018-10-10,,770.0,261.0,437.0,559.0
2018-11-16,,931.0,,458.0,736.0
2018-12-01,,742.0,192.0,587.0,494.0
2018-12-02,,815.0,210.0,407.0,574.0
2018-12-04,,592.0,249.0,426.0,382.0
2018-12-03,,713.0,208.0,427.0,454.0
2018-12-06,,771.0,231.0,383.0,428.0
2018-12-05,,761.0,231.0,470.0,479.0
2016-03-13,,,319.0,465.0,870.0
2016-03-26,,,281.0,455.0,580.0
2016-04-09,,,262.0,463.0,553.0
2016-04-14,,,288.0,429.0,540.0
2016-04-17,,,277.0,441.0,501.0
2016-10-17,,,278.0,420.0,645.0
2017-03-12,,,,489.0,741.0
